Series,Court,Surface,Round,Best of,j1_ID,j2_ID,dif_Win%,dif_Set%,dif_Game%,dif_TB%,dif_Brk%,dif_A%,dif_DF%,dif_1st%,dif_2rd%,dif_Ret%,dif_Rang,dif_Age,dif_Vic,dif_jour_repos,dif_confrontation
1,1,0,5,3.0,404,412,17.484466019417475,13.84660194174757,12.62135922330097,8.204854368932038,8.970873786407767,-0.5786407766990288,1.0058252427184462,14.287378640776694,10.584466019417478,10.74757281553398,-0.34831460674157305,-0.018796992481203006,0,4.0,1.0
1,1,0,5,3.0,304,434,7.564150943396228,7.603773584905665,2.0000000000000044,-0.9433962264150944,3.371698113207548,2.4132075471698116,2.683018867924528,2.0075471698113225,-1.3000000000000018,1.4056603773584906,0.40540540540540543,-0.041509433962264204,0,-32.0,0.0
1,1,0,4,3.0,470,156,-19.721212121212126,-20.474242424242426,-20.153030303030302,-26.837878787878783,-8.313636363636364,-1.022727272727273,-0.7621212121212122,-27.956060606060607,-19.545454545454547,-15.580303030303034,-0.18620689655172415,-0.17525773195876293,1,-22.0,1.0
1,1,0,4,3.0,498,272,-38.30779220779221,-36.81948037085595,-31.831168533919694,-36.05064949927392,-12.66103896103896,-5.209090909090909,-2.075324656746604,-45.0025974025974,-32.48571428571429,-21.935064786440368,-0.1015625,-0.10775047258979203,-1,35.0,0.0
1,1,0,4,3.0,433,408,-7.6846153846153875,-1.638461538461537,-2.4076923076923085,-12.83846153846154,-4.015384615384614,1.4692307692307691,0.3153846153846152,-2.0692307692307716,-3.961538461538466,-3.4461538461538472,-0.14084507042253522,0.04761904761904764,0,-4.0,0.0
1,1,0,4,3.0,332,312,-23.057142857142853,-21.805494505494508,-17.10989010989011,-21.001098901098903,-8.219780219780219,-1.0956043956043955,-1.1494505494505494,-20.768131868131864,-16.91758241758242,-12.053846153846152,0.8931297709923665,0.06591337099811675,0,172.0,0.0
