j1,j2,proba_j1,proba_j2
404,412,0.44937196,0.55062807
304,434,0.4803959,0.5196041
470,156,0.30334428,0.69665575
498,272,0.509481,0.490519
433,408,0.49901074,0.50098926
332,312,0.7277126,0.27228743
